word	similarity	expression
별로	0.9272471070289612	좋다
엄청	0.9132425785064697	좋다
기대	0.9114423394203186	좋다
이쁘다	0.9087969064712524	좋다
잘나	0.9071763753890991	좋다
나쁘다	0.9067022204399109	좋다
생각	0.9052156209945679	좋다
비슷	0.898497462272644	좋다
나르	0.8937526941299438	좋다
아쉽다	0.8916750550270081	좋다
개인적	0.890974760055542	좋다
끌리다	0.8895733952522278	좋다
그립감	0.8885122537612915	좋다
차이	0.8881723284721375	좋다
ㅎㅎ	0.8878424167633057	좋다
만족	0.8838154673576355	좋다
셀카	0.8829672336578369	좋다
실물	0.8818170428276062	좋다
마음	0.8814055323600769	좋다
터치감	0.8795189261436462	좋다
솔직	0.8784631490707397	좋다
괜찮다	0.8777650594711304	좋다
	0.8758873343467712	좋다
화질	0.8755694627761841	좋다
제일	0.8751084208488464	좋다
너무크	0.8747429847717285	좋다
방수	0.8743327856063843	좋다
스펙	0.8743020296096802	좋다
성능	0.8738533854484558	좋다
ㅎ	0.8726650476455688	좋다
다들	0.9898808002471924	힘들다
하시	0.9845698475837708	힘들다
구하	0.9821705222129822	힘들다
늦다	0.9812976121902466	힘들다
투표	0.9810672998428345	힘들다
가야	0.9810528755187988	힘들다
지인	0.980254054069519	힘들다
일주일	0.9801418781280518	힘들다
받으시길	0.9800349473953247	힘들다
계신	0.9797531366348267	힘들다
저도	0.9797244668006897	힘들다
재고	0.979652464389801	힘들다
행사기간	0.9791573882102966	힘들다
ㅅㄷㄹㅌㅋㄴ	0.979114830493927	힘들다
날씨	0.9781924486160278	힘들다
무릎	0.9774499535560608	힘들다
오랜만	0.9773143529891968	힘들다
주말	0.9755640625953674	힘들다
얼른	0.9755237102508545	힘들다
사기	0.9751566052436829	힘들다
사신	0.974818229675293	힘들다
그나	0.9745299816131592	힘들다
이득	0.9744647145271301	힘들다
우리동네	0.974301815032959	힘들다
하루	0.9742487668991089	힘들다
있을까	0.9739640355110168	힘들다
눈팅	0.9738530516624451	힘들다
사도	0.9736793041229248	힘들다
기다리다	0.9736109972000122	힘들다
타이밍	0.9735766649246216	힘들다
어두	0.981270968914032	어둡다
ips	0.9764722585678101	어둡다
디스플레이	0.9760434627532959	어둡다
크기	0.970993161201477	어둡다
터치	0.9696030616760254	어둡다
속도	0.9666801691055298	어둡다
불편	0.9659391045570374	어둡다
qhd	0.9654898047447205	어둡다
해상도	0.9644525051116943	어둡다
매우	0.9638259410858154	어둡다
수동	0.9612551927566528	어둡다
웨이즈	0.9597108364105225	어둡다
수준	0.9590362906455994	어둡다
단점	0.9583377838134766	어둡다
실제	0.9538472294807434	어둡다
lcd	0.9538458585739136	어둡다
색감	0.9534775018692017	어둡다
자동	0.9534282684326172	어둡다
인식률	0.9534033536911011	어둡다
실내	0.9527329802513123	어둡다
빠르다	0.9527231454849243	어둡다
지문	0.9512646198272705	어둡다
밝기	0.9509927034378052	어둡다
베젤	0.950832724571228	어둡다
편하다	0.9502969980239868	어둡다
선명	0.9495202302932739	어둡다
이건	0.9486749172210693	어둡다
발열	0.9475635290145874	어둡다
느끼	0.9467403292655945	어둡다
번인	0.9465150833129883	어둡다
그만큼	0.9984183311462402	잘되다
넣어주	0.9983893632888794	잘되다
점이	0.9973002672195435	잘되다
단단	0.9967105388641357	잘되다
깨끗	0.9965839385986328	잘되다
일반적	0.9963264465332031	잘되다
키보드	0.9963079690933228	잘되다
변하	0.9959746599197388	잘되다
생긴	0.9955902695655823	잘되다
마치	0.9955857992172241	잘되다
듣기	0.9954415559768677	잘되다
약해	0.9953868389129639	잘되다
높이	0.995333194732666	잘되다
외부	0.9953033924102783	잘되다
촉감	0.9952977895736694	잘되다
조차	0.9952727556228638	잘되다
커지	0.9952425956726074	잘되다
브라우저	0.9952280521392822	잘되다
들리	0.9952037930488586	잘되다
오목	0.9951997995376587	잘되다
기본적	0.9951760768890381	잘되다
수명	0.995173454284668	잘되다
수도	0.9950573444366455	잘되다
두껍	0.9949792623519897	잘되다
특성상	0.9949572086334229	잘되다
위아래	0.9948492050170898	잘되다
모습	0.9947000741958618	잘되다
싸구려	0.9946608543395996	잘되다
방전	0.9946365356445312	잘되다
보완	0.9945630431175232	잘되다
나르	0.9927341938018799	나쁘다
마음	0.9881582856178284	나쁘다
제일	0.9851784706115723	나쁘다
평이	0.9834834933280945	나쁘다
똑같	0.9829750061035156	나쁘다
안나	0.982799768447876	나쁘다
	0.9804046154022217	나쁘다
예쁘다	0.9798104763031006	나쁘다
무난하다	0.9789988398551941	나쁘다
나와	0.9788763523101807	나쁘다
당연	0.9783060550689697	나쁘다
충분	0.9770352840423584	나쁘다
가성비	0.976134181022644	나쁘다
라리	0.975721538066864	나쁘다
기분	0.9752273559570312	나쁘다
나올	0.9745431542396545	나쁘다
탐나	0.9745242595672607	나쁘다
취향	0.9742814302444458	나쁘다
완전	0.9740946292877197	나쁘다
대박	0.973579466342926	나쁘다
나온거	0.9732707142829895	나쁘다
사실	0.9729037284851074	나쁘다
매력적	0.9724963903427124	나쁘다
실물	0.9722766280174255	나쁘다
한데	0.9722080826759338	나쁘다
같다	0.9721742868423462	나쁘다
막상	0.9721447825431824	나쁘다
엄청	0.9719706773757935	나쁘다
결론	0.9718738794326782	나쁘다
나아	0.9714497327804565	나쁘다
미세	0.9966136813163757	거슬리다
안보	0.9940919280052185	거슬리다
오른쪽	0.9927265644073486	거슬리다
테두리	0.9927249550819397	거슬리다
신경쓰다	0.9926820993423462	거슬리다
신경	0.9919881820678711	거슬리다
마감	0.9916526079177856	거슬리다
한쪽	0.990085244178772	거슬리다
하단부	0.9899314641952515	거슬리다
왼쪽	0.9881086945533752	거슬리다
뒷판	0.9880428314208984	거슬리다
찍히	0.9865573048591614	거슬리다
살짝	0.9863578081130981	거슬리다
도색	0.9856491684913635	거슬리다
먼지	0.9855654835700989	거슬리다
뒷면	0.985459566116333	거슬리다
생기	0.9846532344818115	거슬리다
심하다	0.9839363098144531	거슬리다
외관	0.9837090373039246	거슬리다
내구성	0.9835727214813232	거슬리다
덜렁거	0.9827114343643188	거슬리다
약간	0.9826759099960327	거슬리다
삐뚤	0.982459306716919	거슬리다
심한	0.9823445081710815	거슬리다
상단	0.98110032081604	거슬리다
도장	0.9809496402740479	거슬리다
아주	0.9799833297729492	거슬리다
결합부	0.9799662232398987	거슬리다
기스	0.9788997173309326	거슬리다
qc	0.9776990413665771	거슬리다
긴장	0.9973545074462891	즐겁다
신나	0.99683678150177	즐겁다
아마	0.9968203902244568	즐겁다
상상	0.9968111515045166	즐겁다
이런것	0.9965289831161499	즐겁다
주네	0.9964956045150757	즐겁다
설마	0.9963973760604858	즐겁다
발목	0.9963585734367371	즐겁다
의심	0.9963225722312927	즐겁다
보지	0.9962903261184692	즐겁다
ㅎㄷㄷ	0.9961962103843689	즐겁다
아무거	0.9961758255958557	즐겁다
시연	0.9961323738098145	즐겁다
사보	0.9958876967430115	즐겁다
맞춤	0.9958666563034058	즐겁다
의문	0.9958231449127197	즐겁다
팔면	0.9957903623580933	즐겁다
윗쪽	0.9957551956176758	즐겁다
기본형	0.9956340789794922	즐겁다
사놓	0.9955047369003296	즐겁다
말	0.9954912662506104	즐겁다
360캠	0.9954016208648682	즐겁다
오기	0.9953757524490356	즐겁다
문득	0.9953652620315552	즐겁다
생각나	0.995330810546875	즐겁다
주변기기	0.9952528476715088	즐겁다
g7	0.9951208829879761	즐겁다
대기	0.9950805902481079	즐겁다
귀인	0.9950792789459229	즐겁다
안주	0.9950445890426636	즐겁다
내구	0.9964707493782043	안타깝다
그렇다	0.9958608150482178	안타깝다
아쉬움	0.9955910444259644	안타깝다
제법	0.9955018162727356	안타깝다
빠릿	0.9953385591506958	안타깝다
은근	0.9953268766403198	안타깝다
버리	0.9952679872512817	안타깝다
내놓	0.9952489137649536	안타깝다
갈리	0.9952150583267212	안타깝다
대체	0.9951360821723938	안타깝다
안간	0.9950657486915588	안타깝다
부족	0.9950394630432129	안타깝다
같긴	0.9948772192001343	안타깝다
같다	0.994821310043335	안타깝다
보자	0.9947102665901184	안타깝다
주관적	0.9946154356002808	안타깝다
만족도	0.9945218563079834	안타깝다
잘한거	0.9944013953208923	안타깝다
첫인상	0.9942500591278076	안타깝다
짚2	0.9940738677978516	안타깝다
나는거	0.9940275549888611	안타깝다
여전	0.9940271377563477	안타깝다
나아지	0.9940146207809448	안타깝다
소문	0.9939290881156921	안타깝다
장난	0.9938313364982605	안타깝다
튼튼	0.9938173294067383	안타깝다
당연	0.9938114285469055	안타깝다
정말	0.9937210083007812	안타깝다
같	0.9937050342559814	안타깝다
호감	0.9936765432357788	안타깝다
ㅇ	0.996819794178009	부럽다
벚꽃	0.9963648915290833	부럽다
흥하	0.9963235259056091	부럽다
올라오	0.9958068132400513	부럽다
네	0.9955201148986816	부럽다
인기	0.995454728603363	부럽다
음	0.9951270818710327	부럽다
거르	0.9945380687713623	부럽다
비유	0.9945305585861206	부럽다
헤	0.9944949150085449	부럽다
나오는거	0.9943873882293701	부럽다
만	0.994312584400177	부럽다
갤세븐	0.9942401051521301	부럽다
진리	0.99411940574646	부럽다
옹호	0.9941072463989258	부럽다
나온거	0.9939448237419128	부럽다
고르기	0.9938750267028809	부럽다
종결	0.9938145875930786	부럽다
땡기	0.9937418699264526	부럽다
지포	0.993696391582489	부럽다
뭐하	0.9936836957931519	부럽다
낫다	0.993648111820221	부럽다
현실	0.9934885501861572	부럽다
마음먹	0.9934753775596619	부럽다
답인	0.993309736251831	부럽다
살까	0.993272602558136	부럽다
ㅉㅉ	0.9932575225830078	부럽다
살	0.9932113289833069	부럽다
냐	0.9930937886238098	부럽다
색깔	0.9929202198982239	부럽다
상태	0.9563949108123779	안되다
와이파이	0.919116735458374	안되다
부팅	0.9186213612556458	안되다
발생	0.9153259992599487	안되다
확인	0.9068232178688049	안되다
다시	0.9040564298629761	안되다
어플	0.9033982753753662	안되다
설정	0.9030202627182007	안되다
케이블	0.9028672575950623	안되다
안하	0.900783896446228	안되다
통화	0.9002201557159424	안되다
메인보드	0.9000253677368164	안되다
있다	0.8988848328590393	안되다
시간	0.8983340263366699	안되다
증상	0.8972119688987732	안되다
이상	0.8967674970626831	안되다
다르	0.8967663049697876	안되다
꺼지	0.8962088823318481	안되다
카톡	0.8959931135177612	안되다
가격할인	0.8941854238510132	안되다
이용	0.8938852548599243	안되다
지속시간	0.8918057084083557	안되다
인식	0.8910564184188843	안되다
컴퓨터	0.8908960819244385	안되다
전원끄	0.8904772400856018	안되다
서비스	0.8897781372070312	안되다
인터넷	0.888112485408783	안되다
설치	0.8868664503097534	안되다
요일	0.8865545392036438	안되다
충전기	0.8838706612586975	안되다
속도	0.9823075532913208	빠르다
지문	0.974839448928833	빠르다
디스플레이	0.9732859134674072	빠르다
인식률	0.9695627689361572	빠르다
크기	0.9641258716583252	빠르다
게임	0.9609091281890869	빠르다
동영상	0.9550139307975769	빠르다
해상도	0.9548028707504272	빠르다
어둡다	0.9527230262756348	빠르다
단점	0.9471195340156555	빠르다
불편	0.9452789425849915	빠르다
ips	0.9439665079116821	빠르다
편하다	0.9437393546104431	빠르다
기능	0.9411267638206482	빠르다
장점	0.938252866268158	빠르다
촬영	0.9354908466339111	빠르다
느끼	0.9344173669815063	빠르다
후면	0.9342077970504761	빠르다
매우	0.9329296350479126	빠르다
어두	0.932874321937561	빠르다
화소	0.9285989999771118	빠르다
색감	0.928207278251648	빠르다
렌즈	0.9275554418563843	빠르다
선명	0.9266242980957031	빠르다
탑재	0.9254838228225708	빠르다
가볍다	0.9251017570495605	빠르다
화각	0.9249701499938965	빠르다
차이	0.9239735007286072	빠르다
듀얼	0.9238495826721191	빠르다
발열	0.9236071109771729	빠르다
초점	0.9978424906730652	부드럽다
느껴지	0.9968058466911316	부드럽다
두께	0.9963400363922119	부드럽다
등등	0.9963116645812988	부드럽다
수채화	0.9949990510940552	부드럽다
무게	0.9948992729187012	부드럽다
선명	0.994875967502594	부드럽다
실내	0.9948738217353821	부드럽다
발전	0.9944535493850708	부드럽다
쨍하	0.9943894743919373	부드럽다
노크	0.9943830966949463	부드럽다
시원시원하	0.9929141998291016	부드럽다
와이드	0.9928944706916809	부드럽다
찍기	0.9927199482917786	부드럽다
향상	0.992537796497345	부드럽다
대면	0.9922062754631042	부드럽다
편리	0.9921098351478577	부드럽다
결과물	0.9919013381004333	부드럽다
af	0.9914395213127136	부드럽다
한손	0.9914027452468872	부드럽다
두운	0.9912902116775513	부드럽다
하드웨어	0.9912281632423401	부드럽다
광원	0.9909577369689941	부드럽다
구현	0.9907310009002686	부드럽다
피사체	0.9906784892082214	부드럽다
재질	0.9905904531478882	부드럽다
고급	0.9903611540794373	부드럽다
기능인	0.9902058243751526	부드럽다
센서	0.9900491833686829	부드럽다
반응속도	0.9900156259536743	부드럽다
ㅎㅎ	0.9512773752212524	괜찮다
이정	0.9342420697212219	괜찮다
생각	0.9341727495193481	괜찮다
ㅎ	0.9323174357414246	괜찮다
	0.9212048053741455	괜찮다
어떤	0.9158660173416138	괜찮다
보고	0.9112562537193298	괜찮다
마음	0.9106168746948242	괜찮다
고민	0.9106104373931885	괜찮다
다들	0.9099010825157166	괜찮다
어느정도	0.9060804843902588	괜찮다
나르	0.9037296175956726	괜찮다
나쁘다	0.9021033048629761	괜찮다
제일	0.8989269733428955	괜찮다
끌리다	0.8979735970497131	괜찮다
궁금	0.8967942595481873	괜찮다
별로	0.8951531052589417	괜찮다
지5	0.8932509422302246	괜찮다
나올	0.8929208517074585	괜찮다
사람	0.8920997381210327	괜찮다
사고	0.891532301902771	괜찮다
실물	0.8902386426925659	괜찮다
비싸다	0.8895626664161682	괜찮다
그나	0.8851938843727112	괜찮다
모르	0.8827816843986511	괜찮다
사야	0.8823314905166626	괜찮다
요	0.8812222480773926	괜찮다
색상	0.8798167109489441	괜찮다
좋다	0.8777651786804199	괜찮다
실버	0.876656174659729	괜찮다
살짝	0.9884790182113647	심하다
거슬리다	0.9839363098144531	심하다
마감	0.9828190803527832	심하다
생기	0.9819480180740356	심하다
걱정	0.9806339740753174	심하다
보이	0.9803459048271179	심하다
찍히	0.9802927374839783	심하다
안보	0.9766282439231873	심하다
미세	0.9764841198921204	심하다
뒷면	0.9748681783676147	심하다
왼쪽	0.9731616377830505	심하다
도장	0.972688615322113	심하다
아주	0.971642255783081	심하다
오른쪽	0.9715496301651001	심하다
신경	0.9703449606895447	심하다
신경쓰다	0.9692484140396118	심하다
테두리	0.9654310941696167	심하다
한쪽	0.9612595438957214	심하다
빛샘	0.9607863426208496	심하다
뒷판	0.9582506418228149	심하다
하단부	0.9571165442466736	심하다
이건	0.9563829898834229	심하다
플라스틱	0.9558688402175903	심하다
상당	0.9541993141174316	심하다
탈착	0.9539929628372192	심하다
심한	0.9538507461547852	심하다
베젤	0.9536007642745972	심하다
크랙	0.95344477891922	심하다
도색	0.9533650279045105	심하다
외관	0.9533348679542542	심하다
없는거	0.997305691242218	잘하다
들게	0.9969377517700195	잘하다
주변	0.9969208240509033	잘하다
제가	0.996625542640686	잘하다
여러모	0.9961423873901367	잘하다
실사용	0.9958452582359314	잘하다
어떠	0.9957969188690186	잘하다
지금까지	0.9952190518379211	잘하다
이녀	0.9951543807983398	잘하다
잠깐	0.9951486587524414	잘하다
처참	0.9949404001235962	잘하다
수록	0.994868278503418	잘하다
그동안	0.9948445558547974	잘하다
한거	0.9948161840438843	잘하다
일처리	0.994594156742096	잘하다
기울	0.9945474863052368	잘하다
본적	0.9944669008255005	잘하다
뭔지	0.9944605827331543	잘하다
사람들	0.9944257736206055	잘하다
지	0.9943983554840088	잘하다
마찬가지	0.9942952990531921	잘하다
알고	0.9941802024841309	잘하다
확률	0.9941524267196655	잘하다
지프	0.9940974712371826	잘하다
이래	0.994046688079834	잘하다
가는거	0.9940142631530762	잘하다
설마	0.9940088987350464	잘하다
제발	0.9939761161804199	잘하다
소문	0.9939298033714294	잘하다
미치	0.9938676357269287	잘하다
매우	0.9916019439697266	편하다
느끼	0.9911906719207764	편하다
단점	0.9894434809684753	편하다
수준	0.9871379733085632	편하다
가볍다	0.9869586229324341	편하다
장점	0.9866421222686768	편하다
이건	0.9842009544372559	편하다
불편	0.9827111959457397	편하다
크기	0.9795610904693604	편하다
불만	0.9779499769210815	편하다
전체적	0.9776033759117126	편하다
뭔가	0.9775967001914978	편하다
개선	0.9774692058563232	편하다
실제	0.9756810665130615	편하다
아주	0.9744222164154053	편하다
상당	0.9743483662605286	편하다
아쉽다	0.9733930826187134	편하다
한손	0.9707812070846558	편하다
용량	0.9695132970809937	편하다
굉장	0.9690729379653931	편하다
교체형	0.9678874015808105	편하다
베젤	0.9677579402923584	편하다
선명	0.9667750597000122	편하다
ips	0.9667671322822571	편하다
색감	0.9667261242866516	편하다
qhd	0.9661397933959961	편하다
느껴지	0.9656156897544861	편하다
오래가다	0.965186357498169	편하다
노크	0.9646338224411011	편하다
사진찍	0.9635970592498779	편하다
다니	0.9905155301094055	귀찮다
복불복	0.9893615245819092	귀찮다
수리	0.9870516061782837	귀찮다
아끼	0.9855450391769409	귀찮다
예민	0.9840413928031921	귀찮다
나사	0.9836832284927368	귀찮다
불안	0.9835125207901001	귀찮다
끼니	0.9823528528213501	귀찮다
뒤판	0.9823263883590698	귀찮다
하드	0.9821397066116333	귀찮다
하면	0.9817523956298828	귀찮다
발견	0.9817406535148621	귀찮다
명함	0.9815666675567627	귀찮다
조이	0.9815170764923096	귀찮다
부품	0.9814416170120239	귀찮다
붙이	0.9813381433486938	귀찮다
교품받으	0.981319785118103	귀찮다
무상	0.9812492728233337	귀찮다
젤리	0.9808211922645569	귀찮다
들어가	0.980810821056366	귀찮다
다행	0.9802078008651733	귀찮다
다른문제	0.9801202416419983	귀찮다
교품대상	0.9796250462532043	귀찮다
생산품	0.9791778326034546	귀찮다
생길	0.9791170954704285	귀찮다
보호	0.978790283203125	귀찮다
스위치	0.97857266664505	귀찮다
uag	0.978148341178894	귀찮다
주렁	0.9779205918312073	귀찮다
보조	0.9778664708137512	귀찮다
강조	0.9974156022071838	무겁다
신선	0.9970951080322266	무겁다
이질감	0.9968812465667725	무겁다
가죽	0.9965845346450806	무겁다
내장형	0.9962519407272339	무겁다
유난	0.9961494207382202	무겁다
강점	0.996058464050293	무겁다
엇보	0.9959669709205627	무겁다
사이즈	0.99596107006073	무겁다
편이	0.9958720207214355	무겁다
최고급	0.9956878423690796	무겁다
호불호	0.9956274032592773	무겁다
똑딱이	0.9955765604972839	무겁다
비하	0.9952147603034973	무겁다
편의성	0.9951748251914978	무겁다
분리형	0.994943380355835	무겁다
해상력	0.9949387311935425	무겁다
흔들	0.9948509931564331	무겁다
같	0.9947711229324341	무겁다
의외	0.9945342540740967	무겁다
매력	0.9944945573806763	무겁다
귀가	0.9944198727607727	무겁다
갤티브	0.9944130778312683	무겁다
신박	0.9943033456802368	무겁다
재미	0.9941852688789368	무겁다
쓸모	0.9941099882125854	무겁다
못느끼	0.994072675704956	무겁다
주머니	0.9939873814582825	무겁다
휴대성	0.9939746856689453	무겁다
ㅆㅅㅌㅊ	0.9939168691635132	무겁다
알	0.9974466562271118	어렵다
던지	0.9974428415298462	어렵다
해서	0.9974260926246643	어렵다
건지	0.9973818063735962	어렵다
싶	0.9971466660499573	어렵다
매일	0.9971035718917847	어렵다
최선	0.9969794154167175	어렵다
글쓰	0.9969451427459717	어렵다
제	0.9968727827072144	어렵다
매번	0.9968128800392151	어렵다
단통법때문	0.9965968728065491	어렵다
갑작	0.9965553283691406	어렵다
일년	0.9965000152587891	어렵다
잘몰	0.9964354038238525	어렵다
지켜보	0.996383547782898	어렵다
도저	0.9963593482971191	어렵다
바래	0.9963138103485107	어렵다
한동안	0.9962801337242126	어렵다
본인	0.9962472319602966	어렵다
적어	0.9962431788444519	어렵다
판단	0.9962014555931091	어렵다
어떤분	0.9961469769477844	어렵다
지내	0.9960711002349854	어렵다
함정	0.9960002303123474	어렵다
40대	0.9959888458251953	어렵다
버티	0.9959108233451843	어렵다
벗어나	0.9958958625793457	어렵다
아내	0.9958441257476807	어렵다
될거	0.9958183169364929	어렵다
신뢰	0.9957637786865234	어렵다
켜지	0.9918264150619507	느리다
브라우저	0.9911984205245972	느리다
멈추	0.9908618927001953	느리다
표시	0.9886479377746582	느리다
가끔	0.9885326623916626	느리다
방전	0.9872915744781494	느리다
강제	0.9864921569824219	느리다
사용환경	0.9859045743942261	느리다
잠금	0.9858403205871582	느리다
꺼진상태	0.9854743480682373	느리다
웹서핑	0.9852038621902466	느리다
지속시간	0.9848382472991943	느리다
크롬	0.9844123125076294	느리다
퀵차	0.9835436344146729	느리다
gps	0.9834687113761902	느리다
높이	0.9832743406295776	느리다
따르	0.9829150438308716	느리다
실행	0.9828704595565796	느리다
변하	0.9827912449836731	느리다
저만그런가	0.9827001094818115	느리다
잘되다	0.9825053215026855	느리다
점이	0.9819650650024414	느리다
조절	0.9819283485412598	느리다
서핑	0.9819107055664062	느리다
주로	0.9817255735397339	느리다
그만큼	0.981717586517334	느리다
회전	0.9814883470535278	느리다
인식	0.9814183115959167	느리다
2a	0.9813265800476074	느리다
수명	0.9813035130500793	느리다
지5	0.9861440658569336	끌리다
갤7엣지	0.9838280081748962	끌리다
난	0.9815542101860046	끌리다
별로	0.98145592212677	끌리다
비슷	0.9781166911125183	끌리다
새로나온	0.9771850109100342	끌리다
s7엣지	0.9763356447219849	끌리다
6s플러스	0.9755789041519165	끌리다
너무크	0.9741342663764954	끌리다
나올	0.9741284847259521	끌리다
뭐가	0.9706476330757141	끌리다
이랑	0.9685921669006348	끌리다
보고	0.968501627445221	끌리다
갤6	0.9664708375930786	끌리다
갤s7	0.9643813371658325	끌리다
놋5	0.9632503390312195	끌리다
아이폰6	0.9629195928573608	끌리다
노트4	0.9609192609786987	끌리다
제일	0.9608340859413147	끌리다
굳히	0.9604440927505493	끌리다
s7플랫	0.9601784944534302	끌리다
사고	0.9598976373672485	끌리다
형	0.9585070013999939	끌리다
사야	0.9572612643241882	끌리다
플랫	0.956587553024292	끌리다
다음	0.9558866024017334	끌리다
솔직	0.9557900428771973	끌리다
g5냐	0.9554105997085571	끌리다
없나봐	0.955207884311676	끌리다
g5중	0.9551495909690857	끌리다
효율	0.9966849088668823	오래가다
오래	0.9953294992446899	오래가다
조루	0.9947004318237305	오래가다
탈착형	0.9932568073272705	오래가다
불만	0.9909769892692566	오래가다
신기	0.9906997680664062	오래가다
적응	0.9896117448806763	오래가다
편이	0.9894874095916748	오래가다
품질	0.9891745448112488	오래가다
의외	0.988544762134552	오래가다
체감	0.9885189533233643	오래가다
타임	0.9881270527839661	오래가다
최적화	0.9873062372207642	오래가다
개취	0.9871774315834045	오래가다
하드웨어	0.9868015646934509	오래가다
충분	0.9867172837257385	오래가다
중요	0.9866182804107666	오래가다
훌륭	0.9864248037338257	오래가다
탈착식	0.9862289428710938	오래가다
광탈	0.9859284162521362	오래가다
만듦새	0.9858188629150391	오래가다
무겁다	0.9856007695198059	오래가다
완전	0.9854444265365601	오래가다
세컨드	0.9852834343910217	오래가다
싼티	0.9851647615432739	오래가다
밧데리	0.9850380420684814	오래가다
교체형	0.9849540591239929	오래가다
개선	0.9849110841751099	오래가다
작다	0.9847187995910645	오래가다
착탈식	0.98468017578125	오래가다
정상인	0.997290849685669	뜨겁다
나아지	0.9957468509674072	뜨겁다
심각	0.9953980445861816	뜨겁다
편한	0.9953376650810242	뜨겁다
버리	0.9953315258026123	뜨겁다
지장	0.9952125549316406	뜨겁다
여전	0.9951534271240234	뜨겁다
대체	0.9951267838478088	뜨겁다
떨구	0.9951266050338745	뜨겁다
장난	0.9949755072593689	뜨겁다
걸리	0.9949600696563721	뜨겁다
깨지	0.9949262142181396	뜨겁다
적응	0.9948753118515015	뜨겁다
저만	0.9946492910385132	뜨겁다
거이	0.9946212768554688	뜨겁다
못쓰	0.9945623874664307	뜨겁다
감촉	0.9945090413093567	뜨겁다
쓰지	0.9944725036621094	뜨겁다
명불허전	0.9942641854286194	뜨겁다
불편함	0.9942424893379211	뜨겁다
빠릿빠릿	0.9941712021827698	뜨겁다
편이	0.994087815284729	뜨겁다
하얗	0.9940085411071777	뜨겁다
치명적	0.9939224720001221	뜨겁다
엄청나	0.9939057230949402	뜨겁다
이모	0.9937345385551453	뜨겁다
멀쩡	0.9937185049057007	뜨겁다
실용성	0.9937074184417725	뜨겁다
구라베젤	0.9937039613723755	뜨겁다
조금	0.9936746954917908	뜨겁다
노트5중	0.9783236384391785	비싸다
사려	0.9771486520767212	비싸다
어떤	0.9750500321388245	비싸다
가격	0.9715203046798706	비싸다
사고	0.969149649143219	비싸다
고민	0.9680536985397339	비싸다
지오	0.9651240110397339	비싸다
갤럭키	0.9622275233268738	비싸다
싸게	0.9615245461463928	비싸다
어떤가	0.9608299732208252	비싸다
지르	0.9603894352912903	비싸다
기다	0.9593459367752075	비싸다
요즘	0.9588737487792969	비싸다
기다리	0.956100583076477	비싸다
고민하다	0.9525269269943237	비싸다
나을	0.9518140554428101	비싸다
중고	0.9510797262191772	비싸다
저렴	0.9499282240867615	비싸다
사면	0.9472967386245728	비싸다
뭐가	0.9453585147857666	비싸다
친구	0.9424515962600708	비싸다
s7중	0.941868782043457	비싸다
갈아타	0.9377773404121399	비싸다
떨어지길	0.9372591376304626	비싸다
지5	0.9361627101898193	비싸다
지금	0.9358842372894287	비싸다
갤7엣지	0.9354578256607056	비싸다
결정	0.9337618947029114	비싸다
정책	0.9329250454902649	비싸다
ㄹㄱㄱㅂ	0.9329227805137634	비싸다
취향	0.9912518858909607	예쁘다
의외	0.988312840461731	예쁘다
나아	0.9879593849182129	예쁘다
핑크색	0.9877368211746216	예쁘다
권하	0.9861545562744141	예쁘다
무난하다	0.9859812259674072	예쁘다
개취	0.9859447479248047	예쁘다
같다	0.9859153628349304	예쁘다
매력적	0.9857027530670166	예쁘다
반응	0.9856383800506592	예쁘다
첫인상	0.9850863814353943	예쁘다
많은	0.9850564002990723	예쁘다
완전	0.9847952127456665	예쁘다
하내	0.9846854209899902	예쁘다
완성도	0.984548807144165	예쁘다
똑같	0.9842033386230469	예쁘다
안타깝다	0.9841030836105347	예쁘다
쓰기	0.9836496114730835	예쁘다
아쉬움	0.9834397435188293	예쁘다
극혐	0.983244001865387	예쁘다
ㅆㅅㅌㅊ	0.9832260012626648	예쁘다
사이즈	0.9832099676132202	예쁘다
같	0.9830383658409119	예쁘다
빠릿	0.9830199480056763	예쁘다
느낀점	0.9829419851303101	예쁘다
당연	0.9827615022659302	예쁘다
주관적	0.9825495481491089	예쁘다
유출	0.9824628829956055	예쁘다
평이	0.9824308156967163	예쁘다
보자	0.9821881055831909	예쁘다
뒷판	0.9971420168876648	신경쓰다
외관	0.9968892931938171	신경쓰다
안보	0.9964179992675781	신경쓰다
심한	0.9962282776832581	신경쓰다
신경	0.9960638284683228	신경쓰다
내구성	0.9957066774368286	신경쓰다
약간	0.9954401254653931	신경쓰다
먼지	0.9944684505462646	신경쓰다
qc	0.9937173128128052	신경쓰다
미세	0.9930812120437622	신경쓰다
하단부	0.9927334785461426	신경쓰다
거슬리다	0.9926820993423462	신경쓰다
마감	0.9924530982971191	신경쓰다
양호	0.9917432069778442	신경쓰다
스크래치	0.9912008047103882	신경쓰다
뽑기	0.9910985231399536	신경쓰다
기스	0.9904260635375977	신경쓰다
테두리	0.9901851415634155	신경쓰다
결합부	0.9901785254478455	신경쓰다
도색	0.9895369410514832	신경쓰다
생길	0.9894779920578003	신경쓰다
삐뚤	0.9871925115585327	신경쓰다
한쪽	0.9871151447296143	신경쓰다
네모	0.9866824746131897	신경쓰다
들림	0.9865649342536926	신경쓰다
밀착	0.9864280223846436	신경쓰다
좌측	0.9863002300262451	신경쓰다
흠집	0.9861575365066528	신경쓰다
거슬릴정도	0.9860459566116333	신경쓰다
신경안쓰	0.9859825968742371	신경쓰다
혁신	0.9928956627845764	새롭다
강조	0.9898279905319214	새롭다
혁신적	0.989387571811676	새롭다
분리형	0.9889147281646729	새롭다
매력적	0.9870842695236206	새롭다
ㅅㅌㅊ	0.9854545593261719	새롭다
훌륭	0.9852622151374817	새롭다
탈착형	0.9850367307662964	새롭다
행보	0.9849408268928528	새롭다
병신	0.9847182035446167	새롭다
부가기능	0.9846343994140625	새롭다
겔럭시	0.9844621419906616	새롭다
ㅆㅅㅌㅊ	0.9841921329498291	새롭다
신선	0.9838748574256897	새롭다
방진	0.9835324287414551	새롭다
최고급	0.9834886789321899	새롭다
하드웨어	0.9831893444061279	새롭다
느낀점	0.9828130602836609	새롭다
완성	0.9827504754066467	새롭다
무겁다	0.98223876953125	새롭다
특징	0.9815301895141602	새롭다
완성도	0.9815080165863037	새롭다
같	0.9814010262489319	새롭다
신박	0.9813189506530762	새롭다
번들이어폰	0.9810041189193726	새롭다
사세	0.980905294418335	새롭다
완전체	0.9807976484298706	새롭다
감탄	0.9806201457977295	새롭다
변화	0.9803701639175415	새롭다
무리수	0.9803614020347595	새롭다
지인	0.9963072538375854	늦다
주말	0.9944472908973694	늦다
무릎	0.9935870170593262	늦다
기다리다	0.9935115575790405	늦다
사기	0.9933772683143616	늦다
타려	0.9933220148086548	늦다
베스트샵	0.9932935237884521	늦다
돌아다니	0.9930084347724915	늦다
가야	0.9928443431854248	늦다
눈팅	0.9923904538154602	늦다
오랜만	0.9923727512359619	늦다
우리동네	0.9920493364334106	늦다
아버지	0.9920428991317749	늦다
구하	0.9919341802597046	늦다
가보	0.9917321801185608	늦다
르그번	0.9914228916168213	늦다
풀리	0.9914169907569885	늦다
ㅍㄹㅇ님꺼	0.9913164377212524	늦다
드뎌	0.9912015199661255	늦다
재고	0.9911922812461853	늦다
강변	0.9911072254180908	늦다
타이밍	0.9910883903503418	늦다
동생	0.9910769462585449	늦다
타실	0.9910157918930054	늦다
에이	0.9908086061477661	늦다
ㅅㄷㄹ가	0.9902373552322388	늦다
저녁	0.9901017546653748	늦다
울산	0.9899837970733643	늦다
오전	0.9899431467056274	늦다
아부지	0.9898889064788818	늦다
개인적	0.9693512916564941	이쁘다
진짜	0.9532665014266968	이쁘다
엄청	0.9523667097091675	이쁘다
별로	0.9510206580162048	이쁘다
기대	0.9484282732009888	이쁘다
역시	0.9469226598739624	이쁘다
디자인	0.9462554454803467	이쁘다
잘나	0.9403714537620544	이쁘다
실물	0.9375795722007751	이쁘다
솔직	0.9369617104530334	이쁘다
확실	0.9366052150726318	이쁘다
만지	0.9356282949447632	이쁘다
아쉽다	0.9327936172485352	이쁘다
뭔가	0.9313819408416748	이쁘다
방수	0.9297555685043335	이쁘다
사실	0.9208999872207642	이쁘다
망하다	0.9203588962554932	이쁘다
그립감	0.9190460443496704	이쁘다
만족	0.9178647398948669	이쁘다
계승	0.9176706075668335	이쁘다
비해	0.9165453910827637	이쁘다
전체적	0.9137691259384155	이쁘다
너무크	0.9133103489875793	이쁘다
나르	0.911072850227356	이쁘다
일체형	0.9107833504676819	이쁘다
마음	0.9090645909309387	이쁘다
좋다	0.9087969064712524	이쁘다
생각	0.908134937286377	이쁘다
왜곡	0.9070003628730774	이쁘다
비슷	0.9052454829216003	이쁘다
사실	0.9755518436431885	싫다
떨어지	0.9754279255867004	싫다
노트3	0.9753366708755493	싫다
잘빠지	0.9742890000343323	싫다
플래그쉽	0.9732937812805176	싫다
솔직	0.9728046655654907	싫다
제일	0.972287654876709	싫다
나르	0.9702874422073364	싫다
극혐	0.9697692394256592	싫다
제외	0.9675637483596802	싫다
지프로2	0.9675313234329224	싫다
쓰기	0.9670358896255493	싫다
전작	0.9667850732803345	싫다
다음	0.9666404724121094	싫다
마음	0.9665309190750122	싫다
똑같	0.9653221368789673	싫다
베가	0.9652472734451294	싫다
잘나	0.9651220440864563	싫다
애인	0.9650653004646301	싫다
압승	0.9643996953964233	싫다
문제때문	0.9642874002456665	싫다
완전	0.9641125798225403	싫다
특유	0.9640811681747437	싫다
너무크	0.9640260338783264	싫다
꿀리	0.9636282324790955	싫다
무난하다	0.9635581374168396	싫다
유저	0.9634819626808167	싫다
g5보	0.9632728695869446	싫다
안나	0.9630125761032104	싫다
낫다	0.9616936445236206	싫다
뭔가	0.9852181673049927	아쉽다
상당	0.9823644757270813	아쉽다
느끼	0.9800674319267273	아쉽다
그립감	0.9794303178787231	아쉽다
교체형	0.9772903323173523	아쉽다
장점	0.9771124124526978	아쉽다
전체적	0.9770341515541077	아쉽다
엄청	0.974998414516449	아쉽다
편하다	0.9733930826187134	아쉽다
만족	0.9723697304725647	아쉽다
확실	0.9719389081001282	아쉽다
가볍다	0.967171311378479	아쉽다
수준	0.9668008685112	아쉽다
매우	0.9657338857650757	아쉽다
탈착식	0.9656991958618164	아쉽다
역시	0.9655683040618896	아쉽다
만지	0.962977409362793	아쉽다
사실	0.962459146976471	아쉽다
불만	0.9624365568161011	아쉽다
굉장	0.9618362188339233	아쉽다
신기	0.9617846012115479	아쉽다
개인적	0.9609956741333008	아쉽다
단점	0.960654616355896	아쉽다
완전	0.9604557752609253	아쉽다
개선	0.9568936824798584	아쉽다
품질	0.9567190408706665	아쉽다
아주	0.9557619094848633	아쉽다
오래가다	0.9557609558105469	아쉽다
터치감	0.9555972814559937	아쉽다
차이	0.9548295736312866	아쉽다
수준	0.9923010468482971	가볍다
전체적	0.991112470626831	가볍다
불만	0.9899865388870239	가볍다
선명	0.9893632531166077	가볍다
실제	0.9892688989639282	가볍다
느껴지	0.9892555475234985	가볍다
개선	0.988366961479187	가볍다
매우	0.9878941178321838	가볍다
깔끔	0.9875949025154114	가볍다
한손	0.987186849117279	가볍다
편하다	0.9869587421417236	가볍다
개취	0.9868957996368408	가볍다
품질	0.9867836236953735	가볍다
베젤	0.9863523840904236	가볍다
굉장	0.9863327145576477	가볍다
터치감	0.9853258728981018	가볍다
사진찍	0.9846405386924744	가볍다
부드럽다	0.9839380979537964	가볍다
뭔가	0.9836593866348267	가볍다
수채화	0.9833554029464722	가볍다
노크	0.9830003976821899	가볍다
이건	0.9828245639801025	가볍다
색감	0.9824690818786621	가볍다
무게	0.9822137355804443	가볍다
최적화	0.9812415242195129	가볍다
구림	0.9811640977859497	가볍다
단점	0.9806424379348755	가볍다
효율성	0.9803762435913086	가볍다
실내	0.9802855253219604	가볍다
등등	0.9802001714706421	가볍다
ㅍㅇㅂ	0.9838603734970093	욕하다
ㅎㅇ	0.9830959439277649	욕하다
현아	0.9814683198928833	욕하다
ㄱㅂ	0.9810031056404114	욕하다
599	0.9805949926376343	욕하다
스크	0.9764783382415771	욕하다
ㅅㄷㄹ	0.9761008024215698	욕하다
ㅅㅋㅂㅇ	0.9756837487220764	욕하다
알아보	0.9748061895370483	욕하다
조건	0.9732613563537598	욕하다
정책	0.9730832576751709	욕하다
ㅅㅋㄱㅂ	0.9725899696350098	욕하다
ㅅㄴㅂ	0.9693481922149658	욕하다
ㅋㅌㅂㅇ	0.9691154956817627	욕하다
ㅂㅇ	0.9681587219238281	욕하다
번이	0.9671781659126282	욕하다
59	0.9662103056907654	욕하다
ㄹㄱㅂㅇ	0.9655988216400146	욕하다
ㅅㅋ	0.9653859734535217	욕하다
신도림	0.9636878967285156	욕하다
무부	0.96261066198349	욕하다
할원	0.9614827632904053	욕하다
ㅋㅌㄱㅂ	0.9611551761627197	욕하다
현완	0.958871066570282	욕하다
ㄹㄱ	0.9566713571548462	욕하다
부가	0.9565284252166748	욕하다
59요금제	0.9561377763748169	욕하다
동네	0.9555830955505371	욕하다
499요금제	0.955546498298645	욕하다
저렴	0.9553057551383972	욕하다
체크	0.9965314865112305	잘못하다
원인	0.9941725730895996	잘못하다
외관상	0.9939290285110474	잘못하다
회색	0.9936907887458801	잘못하다
하면	0.993034839630127	잘못하다
이만저만	0.9929165244102478	잘못하다
슥슥	0.9925728440284729	잘못하다
제조품	0.9924439191818237	잘못하다
당한	0.9922120571136475	잘못하다
교품받으	0.9921649694442749	잘못하다
논리	0.9920048713684082	잘못하다
처리	0.9919357895851135	잘못하다
죄송하다	0.9917378425598145	잘못하다
판정	0.9917243719100952	잘못하다
ok	0.9916899800300598	잘못하다
발견	0.9916194081306458	잘못하다
정상	0.9915410280227661	잘못하다
일정	0.9914093613624573	잘못하다
usim	0.9913947582244873	잘못하다
딸깍거	0.9913815259933472	잘못하다
있는거	0.9911487102508545	잘못하다
간혹	0.9909803867340088	잘못하다
하기	0.9909542798995972	잘못하다
끊기	0.9909132719039917	잘못하다
종특	0.9909098744392395	잘못하다
벗겨지	0.9908407330513	잘못하다
찝찝해	0.9908166527748108	잘못하다
무상수리	0.990678071975708	잘못하다
심해	0.9906306266784668	잘못하다
이상이	0.990577220916748	잘못하다
싫다	0.9560011029243469	망하다
솔직	0.9515145421028137	망하다
이번	0.9507328867912292	망하다
역시	0.9501626491546631	망하다
사실	0.9469214677810669	망하다
진짜	0.9467337727546692	망하다
나올	0.9373108148574829	망하다
개인적	0.9325046539306641	망하다
별로	0.9323751926422119	망하다
엘지	0.9322243332862854	망하다
기대	0.9312982559204102	망하다
잘나	0.930122435092926	망하다
잘빠지	0.928804874420166	망하다
실물	0.928074836730957	망하다
혁신	0.9265108704566956	망하다
이유	0.9256906509399414	망하다
다음	0.9246383905410767	망하다
너무크	0.9240039587020874	망하다
엄청	0.923740804195404	망하다
마음	0.9228583574295044	망하다
나르	0.921970546245575	망하다
이쁘다	0.9203588962554932	망하다
전작	0.9198499917984009	망하다
끌리다	0.9183035492897034	망하다
완전	0.9179990291595459	망하다
플래그쉽	0.9179033637046814	망하다
난	0.9176371097564697	망하다
계승	0.9170563817024231	망하다
떨어지	0.9162842631340027	망하다
쓰기	0.9150077104568481	망하다
똑같	0.9966756105422974	무난하다
낫다	0.9956004619598389	무난하다
나온거	0.9951255321502686	무난하다
결론	0.9944271445274353	무난하다
음	0.9943624138832092	무난하다
막상	0.9942464828491211	무난하다
애인	0.9940804243087769	무난하다
쓰기	0.9938965439796448	무난하다
첫인상	0.9938935041427612	무난하다
차이나	0.9935977458953857	무난하다
땡기	0.9934321045875549	무난하다
기울	0.9932929873466492	무난하다
떨어지	0.9932176470756531	무난하다
안나	0.9931550025939941	무난하다
로즈골드	0.9929368495941162	무난하다
그렇다	0.9929163455963135	무난하다
보자	0.9926085472106934	무난하다
나아	0.9925248622894287	무난하다
만족도	0.992519736289978	무난하다
지투	0.9924185276031494	무난하다
갈리	0.9922358989715576	무난하다
내놓	0.9922235012054443	무난하다
여러모	0.9920957088470459	무난하다
내구	0.9920674562454224	무난하다
적어보	0.9919678568840027	무난하다
소견	0.9919356107711792	무난하다
흥하	0.9919340014457703	무난하다
바뀌	0.9919236302375793	무난하다
갤세븐	0.9918529987335205	무난하다
지극	0.9918197393417358	무난하다
아무	0.9934496283531189	고장
그러	0.9894381165504456	고장
지장	0.984968364238739	고장
교품받	0.9837138652801514	고장
종일	0.9832568764686584	고장
적다	0.982712984085083	고장
그걸	0.9821758270263672	고장
있	0.981590211391449	고장
얘기	0.9811703562736511	고장
하니	0.9809563755989075	고장
있긴한데	0.980891227722168	고장
같은증상	0.9805612564086914	고장
종특	0.9802538752555847	고장
하면	0.9802501201629639	고장
불안	0.9801939725875854	고장
반나절	0.9799802899360657	고장
이걸	0.9797118306159973	고장
수신율	0.9797078371047974	고장
유상	0.9797044396400452	고장
수리비	0.9796024560928345	고장
웬만	0.979518473148346	고장
교품해	0.9793913960456848	고장
정상인	0.9792340993881226	고장
전에	0.9792014956474304	고장
완충	0.9791635274887085	고장
해보	0.9791448712348938	고장
잘쓰	0.9788002967834473	고장
실사용	0.9787212014198303	고장
큰일	0.9782453775405884	고장
먹통	0.9781519174575806	고장
많다	0.99851393699646	짜증
스트레스	0.9979513883590698	짜증
넘기	0.9978256225585938	짜증
전에	0.9976630210876465	짜증
종종	0.9974784851074219	짜증
제것	0.9974228143692017	짜증
벽돌	0.9973599910736084	짜증
먹통	0.9973112940788269	짜증
분도	0.9972741603851318	짜증
기능상	0.997183084487915	짜증
알고	0.9971176385879517	짜증
하기	0.9970927238464355	짜증
거치	0.9970272779464722	짜증
당황	0.9970059394836426	짜증
쓸	0.9969030618667603	짜증
차후	0.9968608617782593	짜증
무시	0.9968405961990356	짜증
일어	0.9968148469924927	짜증
수리비	0.9967447519302368	짜증
이참	0.9967052340507507	짜증
아닌거	0.996658444404602	짜증
쓰	0.9966521263122559	짜증
난감	0.9966169595718384	짜증
멘붕	0.9965701103210449	짜증
안가	0.9965498447418213	짜증
실수	0.9965246915817261	짜증
조금씩	0.9965141415596008	짜증
사유	0.9964713454246521	짜증
용인	0.9964355230331421	짜증
고치	0.9964162111282349	짜증
