word,similarity,expression
기대,0.941539168,좋다
별로,0.936538517,좋다
개인적,0.930226386,좋다
엄청,0.922317564,좋다
생각,0.913995743,좋다
잘나,0.911386013,좋다
ㅎㅎ,0.909047961,좋다
비슷,0.908100128,좋다
제일,0.905907154,좋다
솔직,0.904520512,좋다
마음,0.904092848,좋다
만족,0.903810382,좋다
나쁘다,0.902176261,좋다
끌리다,0.90004164,좋다
아쉽다,0.8964203,좋다
사실,0.896066546,좋다
차이,0.895186543,좋다
방수,0.893103063,좋다
나르,0.892350137,좋다
이쁘다,0.889089346,좋다
나올,0.888509631,좋다
셀카,0.88787365,좋다
싫다,0.887555122,좋다
괜찮다,0.887500763,좋다
확실,0.882368803,좋다
스펙,0.882113814,좋다
중요시,0.882033706,좋다
최고,0.880758882,좋다
망하다,0.878400564,좋다
저조,0.877238512,좋다
하시,0.98650527,힘들다
다들,0.983828425,힘들다
저도,0.983297408,힘들다
일주일,0.979951203,힘들다
구하,0.97963196,힘들다
가야,0.979482174,힘들다
평균인,0.978847504,힘들다
무릎,0.976879478,힘들다
얼른,0.976869702,힘들다
날씨,0.976675391,힘들다
지르,0.97640717,힘들다
타실,0.976148844,힘들다
눈팅,0.976113617,힘들다
티탄,0.975947201,힘들다
있을까,0.975732505,힘들다
기다리다,0.975516915,힘들다
참고,0.974651814,힘들다
지인,0.974593163,힘들다
만한,0.974498749,힘들다
타려,0.974438548,힘들다
저녁,0.97425735,힘들다
샀다,0.97415185,힘들다
하,0.973975182,힘들다
늦다,0.973944008,힘들다
사러가,0.973677933,힘들다
고싶,0.973412514,힘들다
사기,0.973307848,힘들다
어떤걸,0.97327733,힘들다
오랜만,0.973246872,힘들다
이득,0.973115027,힘들다
어두,0.984391391,어둡다
ips,0.977998078,어둡다
크기,0.977518797,어둡다
느끼,0.973157227,어둡다
디스플레이,0.972826242,어둡다
터치,0.970513105,어둡다
지문,0.969568372,어둡다
qhd,0.967637539,어둡다
색감,0.96663928,어둡다
매우,0.965211749,어둡다
수준,0.964971364,어둡다
베젤,0.964797139,어둡다
해상도,0.964160919,어둡다
단점,0.964063525,어둡다
실제,0.960042596,어둡다
불편,0.95971489,어둡다
웨이즈,0.959578633,어둡다
속도,0.958633304,어둡다
전체적,0.956589818,어둡다
선명,0.956588626,어둡다
노크,0.956335902,어둡다
인식률,0.954685807,어둡다
편하다,0.954680324,어둡다
밝기,0.954621375,어둡다
하얗,0.954211593,어둡다
자동,0.95324719,어둡다
가볍다,0.953005433,어둡다
발열,0.951833248,어둡다
이건,0.951570451,어둡다
번인,0.951348901,어둡다
그만큼,0.998335302,잘되다
유난,0.99687016,잘되다
나타나,0.996690691,잘되다
구분,0.996557117,잘되다
위아래,0.996547341,잘되다
키보드,0.996510506,잘되다
인치,0.996504426,잘되다
이부,0.996369421,잘되다
소재,0.996343851,잘되다
편한,0.996250033,잘되다
모습,0.996222019,잘되다
시계,0.996155739,잘되다
점이,0.996147037,잘되다
촉감,0.996129692,잘되다
잡기,0.996037662,잘되다
시선,0.995977044,잘되다
불편함,0.995916605,잘되다
사용성,0.995807409,잘되다
휴대,0.99580729,잘되다
깨끗,0.995722651,잘되다
익숙,0.995686054,잘되다
요소,0.995639861,잘되다
명불허전,0.995522499,잘되다
수명,0.995431423,잘되다
변하,0.995383024,잘되다
수도,0.995363355,잘되다
자연,0.995300293,잘되다
강점,0.995242834,잘되다
싸구려,0.995228052,잘되다
노이즈,0.995161176,잘되다
나르,0.991597772,나쁘다
마음,0.985550702,나쁘다
제일,0.985096097,나쁘다
땡기,0.982856035,나쁘다
지,0.982654333,나쁘다
기분,0.982429266,나쁘다
ㅎ,0.982329309,나쁘다
똑같,0.981952369,나쁘다
대박,0.980810821,나쁘다
,0.980553031,나쁘다
나와,0.980505586,나쁘다
신기,0.979363799,나쁘다
한데,0.978467584,나쁘다
ㅎㅎ,0.978103578,나쁘다
느낀점,0.977625072,나쁘다
예쁘다,0.977577806,나쁘다
나올,0.976940751,나쁘다
라리,0.976227105,나쁘다
안나,0.976174712,나쁘다
후속,0.976117194,나쁘다
무난하다,0.976010382,나쁘다
그나,0.975739002,나쁘다
많은,0.975701094,나쁘다
첫인상,0.975696862,나쁘다
잘모르,0.975403011,나쁘다
같다,0.974810898,나쁘다
권하,0.974498272,나쁘다
어떠,0.974457502,나쁘다
박아,0.973978996,나쁘다
떨어지,0.973653316,나쁘다
미세,0.995837688,거슬리다
테두리,0.995488882,거슬리다
한쪽,0.994476199,거슬리다
신경,0.992718101,거슬리다
오른쪽,0.992042422,거슬리다
생기,0.991226554,거슬리다
기스,0.991078258,거슬리다
도색,0.990708113,거슬리다
상단,0.990451813,거슬리다
뒷판,0.990306735,거슬리다
하단부,0.989960313,거슬리다
신경쓰다,0.989688933,거슬리다
심한,0.989492297,거슬리다
왼쪽,0.987815738,거슬리다
마감,0.98724848,거슬리다
긁히,0.985695124,거슬리다
덜렁거,0.985622525,거슬리다
연결부위,0.985348105,거슬리다
양호,0.985071063,거슬리다
현상,0.984189868,거슬리다
생길,0.983491719,거슬리다
스크래치,0.983324945,거슬리다
크롬,0.98319608,거슬리다
좌우,0.983182192,거슬리다
안보,0.983032525,거슬리다
외관,0.982985735,거슬리다
뽑기,0.98256737,거슬리다
구림,0.982405782,거슬리다
약간,0.982309103,거슬리다
결합부,0.982114851,거슬리다
생각나,0.998032331,즐겁다
딸리,0.997903347,즐겁다
아이,0.997730255,즐겁다
마시,0.997546315,즐겁다
소문,0.997463405,즐겁다
무리,0.997252941,즐겁다
덕분,0.997146189,즐겁다
멀리,0.997143745,즐겁다
정작,0.997120738,즐겁다
도대,0.997115374,즐겁다
확률,0.997000575,즐겁다
이러다,0.996978104,즐겁다
무섭,0.996965766,즐겁다
개병,0.996964097,즐겁다
살아있,0.996947825,즐겁다
녀석,0.996916413,즐겁다
지파이,0.996905506,즐겁다
일반인,0.996872723,즐겁다
이대,0.996854901,즐겁다
무시,0.99685365,즐겁다
ㅇㅇ,0.996821165,즐겁다
이,0.99673301,즐겁다
주네,0.996715665,즐겁다
조금씩,0.996707559,즐겁다
마무리,0.996701539,즐겁다
기왕,0.996672392,즐겁다
새끼,0.996640027,즐겁다
거치,0.996635258,즐겁다
지랄,0.996619344,즐겁다
반해,0.996602058,즐겁다
쓰지,0.997334361,안타깝다
그렇다,0.997293472,안타깝다
만족도,0.997127652,안타깝다
버리,0.996937871,안타깝다
여태,0.996710539,안타깝다
제법,0.996615589,안타깝다
튼튼,0.996557295,안타깝다
본적,0.996553898,안타깝다
비록,0.996520638,안타깝다
특색,0.996415317,안타깝다
보자,0.996373057,안타깝다
g4때,0.996163845,안타깝다
같긴,0.996104777,안타깝다
컨셉,0.996064901,안타깝다
명기,0.996028662,안타깝다
지4,0.995946765,안타깝다
반응,0.995924711,안타깝다
ㅈㄴ,0.995815217,안타깝다
갈리,0.995815039,안타깝다
ip68,0.995781064,안타깝다
이질감,0.995771289,안타깝다
진리,0.995701194,안타깝다
왠만하,0.995695591,안타깝다
인상,0.995686889,안타깝다
그동안,0.99568665,안타깝다
까이,0.99562788,안타깝다
하지,0.995558202,안타깝다
헬쥐,0.995556474,안타깝다
후장,0.995543242,안타깝다
정신,0.995483696,안타깝다
ㅇ,0.996454239,부럽다
입은,0.996427655,부럽다
간지,0.995866358,부럽다
신의,0.995829165,부럽다
콜로세움,0.995559216,부럽다
비슷하다,0.995439172,부럽다
사세,0.995237887,부럽다
g5카메,0.995202005,부럽다
헤,0.995177805,부럽다
아이폰7,0.995133996,부럽다
투투,0.99501574,부럽다
행복,0.994987249,부럽다
나오진,0.99496305,부럽다
보자,0.994907379,부럽다
뭐하,0.994879246,부럽다
역대급,0.994857073,부럽다
세개,0.994802356,부럽다
노무,0.994728208,부럽다
최신형,0.994582951,부럽다
별차이,0.994539976,부럽다
컨셉,0.994506836,부럽다
진리,0.994133472,부럽다
만,0.994027019,부럽다
과감,0.994019628,부럽다
아이언1,0.993971646,부럽다
미러리스,0.993910134,부럽다
방수기능,0.993885577,부럽다
신세계,0.993801117,부럽다
기울,0.993793607,부럽다
자신감,0.993764758,부럽다
상태,0.945420802,안되다
어플,0.942500591,안되다
설정,0.927319705,안되다
와이파이,0.917492568,안되다
케이블,0.906212687,안되다
이상,0.905145049,안되다
컴퓨터,0.903842449,안되다
카톡,0.903247714,안되다
메인보드,0.90073365,안되다
부팅,0.898918569,안되다
통화,0.896470487,안되다
이용,0.896005392,안되다
pc,0.895977139,안되다
확인,0.895630538,안되다
발생,0.894221306,안되다
설치,0.893288255,안되다
인터넷,0.89073652,안되다
증상,0.890396655,안되다
국어,0.88923502,안되다
안하,0.889108539,안되다
젠더,0.888902903,안되다
시간,0.888492644,안되다
있다,0.887964368,안되다
g5전원,0.884274125,안되다
정상적,0.882746696,안되다
해결,0.881897211,안되다
데이트,0.881504536,안되다
서비스,0.880174756,안되다
네비,0.879758,안되다
크래,0.878514051,안되다
속도,0.982495308,빠르다
지문,0.975338101,빠르다
디스플레이,0.961151183,빠르다
크기,0.959039032,빠르다
인식률,0.954649329,빠르다
해상도,0.952322006,빠르다
동영상,0.950035155,빠르다
촬영,0.948939681,빠르다
어둡다,0.948681831,빠르다
편하다,0.946365356,빠르다
ips,0.944211364,빠르다
단점,0.943721175,빠르다
느끼,0.942768633,빠르다
노크,0.942314386,빠르다
화소,0.940933645,빠르다
후면,0.939792871,빠르다
어두,0.937578917,빠르다
장점,0.937322974,빠르다
색감,0.936888933,빠르다
게임,0.936718225,빠르다
왜곡,0.935806513,빠르다
가볍다,0.934918344,빠르다
모드,0.933414519,빠르다
화질,0.932641983,빠르다
렌즈,0.930807352,빠르다
비해,0.930231333,빠르다
듀얼,0.930082083,빠르다
느낌,0.929861367,빠르다
qhd,0.929351568,빠르다
기능,0.928100169,빠르다
실내,0.99638325,부드럽다
초점,0.996124387,부드럽다
느껴지,0.996112227,부드럽다
두께,0.996078312,부드럽다
대면,0.995207131,부드럽다
선명,0.995117247,부드럽다
노크,0.994928598,부드럽다
lcd,0.994927704,부드럽다
커서,0.993793011,부드럽다
무게,0.993420839,부드럽다
웨이즈,0.993358493,부드럽다
수채화,0.992568016,부드럽다
호불호,0.992285907,부드럽다
두운,0.992214978,부드럽다
쨍하,0.992007077,부드럽다
와이드,0.991877794,부드럽다
시원시원하,0.991696358,부드럽다
최적화,0.991536677,부드럽다
발전,0.991471052,부드럽다
등등,0.991420627,부드럽다
빠릿빠릿,0.991366804,부드럽다
보정,0.991335511,부드럽다
반응속도,0.991269469,부드럽다
보기,0.991265774,부드럽다
한손,0.991008759,부드럽다
향상,0.991005898,부드럽다
강점,0.990626097,부드럽다
fhd,0.990377724,부드럽다
작고,0.990332246,부드럽다
편리,0.990284622,부드럽다
ㅎㅎ,0.94772768,괜찮다
생각,0.944589138,괜찮다
이정,0.939462781,괜찮다
마음,0.933060884,괜찮다
어떤,0.922301352,괜찮다
ㅎ,0.921081841,괜찮다
끌리다,0.919792175,괜찮다
제일,0.917551219,괜찮다
고민,0.91669476,괜찮다
보고,0.91188699,괜찮다
,0.905706644,괜찮다
나쁘다,0.904217064,괜찮다
근데,0.904202342,괜찮다
나올,0.903579235,괜찮다
다들,0.903138876,괜찮다
별로,0.902790546,괜찮다
노트5중,0.900476217,괜찮다
나르,0.899168491,괜찮다
지5,0.898608208,괜찮다
어느정도,0.898173094,괜찮다
궁금,0.893380046,괜찮다
요,0.892667651,괜찮다
너무크,0.892400861,괜찮다
실물,0.892127633,괜찮다
사야,0.89112246,괜찮다
그나,0.887698889,괜찮다
좋다,0.887500703,괜찮다
적당,0.886862755,괜찮다
사고,0.885967672,괜찮다
지프로2,0.882241726,괜찮다
살짝,0.992161632,심하다
생기,0.98606658,심하다
찍히,0.984105289,심하다
마감,0.983799338,심하다
왼쪽,0.981691539,심하다
보이,0.978922129,심하다
거슬리다,0.977664113,심하다
걱정,0.977148712,심하다
도장,0.97576642,심하다
아주,0.973613262,심하다
오른쪽,0.971539021,심하다
미세,0.970105231,심하다
뒷면,0.967888355,심하다
한쪽,0.967657804,심하다
테두리,0.967181087,심하다
신경,0.966364145,심하다
안보,0.964831352,심하다
현상,0.963744044,심하다
하단,0.96259129,심하다
빛샘,0.962138474,심하다
구림,0.961035073,심하다
이건,0.958721042,심하다
베젤,0.957027555,심하다
신경쓰다,0.956385672,심하다
플라스틱,0.955853581,심하다
뒷판,0.955566704,심하다
크랙,0.954775035,심하다
심한,0.954099715,심하다
뽑기,0.953593254,심하다
상단,0.953332484,심하다
없는거,0.9976089,잘하다
저만,0.996731937,잘하다
지겹,0.996372283,잘하다
주변,0.996148884,잘하다
핑크색,0.996124268,잘하다
그런거,0.995976508,잘하다
소문,0.995958447,잘하다
제법,0.99594295,잘하다
무디,0.995367765,잘하다
특이,0.995255172,잘하다
짜증,0.995203078,잘하다
거치,0.995160639,잘하다
제것,0.995134175,잘하다
뭔지,0.9951334,잘하다
도대,0.994988859,잘하다
지4,0.994957447,잘하다
들게,0.994803727,잘하다
용서,0.994782329,잘하다
은근,0.994687617,잘하다
대체,0.994618416,잘하다
충격,0.994566083,잘하다
쓸,0.994519234,잘하다
억지,0.994482636,잘하다
생각나,0.994358003,잘하다
마눌,0.994336665,잘하다
기능상,0.994331777,잘하다
이모,0.994184971,잘하다
마찬가지,0.994155169,잘하다
확률,0.994139791,잘하다
인상,0.994127214,잘하다
느끼,0.989152908,편하다
매우,0.987653852,편하다
가볍다,0.98470515,편하다
수준,0.984503269,편하다
크기,0.984381139,편하다
장점,0.981291056,편하다
전체적,0.98096776,편하다
뭔가,0.979667187,편하다
단점,0.978550792,편하다
개선,0.977491021,편하다
최적화,0.97469461,편하다
불편,0.974419773,편하다
인식률,0.973028958,편하다
아쉽다,0.972738266,편하다
터치감,0.971886992,편하다
노크,0.971201837,편하다
불만,0.971162498,편하다
ips,0.968878984,편하다
그립감,0.96865958,편하다
쩔구,0.968549728,편하다
교체형,0.968160748,편하다
색감,0.967930853,편하다
선명,0.967520714,편하다
향상,0.967305958,편하다
상당,0.966964185,편하다
적응,0.966641009,편하다
효율성,0.966300428,편하다
어두,0.966197848,편하다
충분,0.966092527,편하다
탈착식,0.965687156,편하다
부품,0.990167856,귀찮다
수리,0.989785433,귀찮다
무상,0.987736523,귀찮다
젤리,0.986365795,귀찮다
그러,0.98625505,귀찮다
다니,0.986236334,귀찮다
붙이,0.984979987,귀찮다
캠플,0.983990014,귀찮다
복불복,0.983939826,귀찮다
고정이,0.982988596,귀찮다
끼울,0.982738733,귀찮다
제거,0.982421875,귀찮다
뒤판,0.982311964,귀찮다
예민,0.981785059,귀찮다
하면,0.981636584,귀찮다
여러번,0.981054544,귀찮다
뒷주머니,0.980966389,귀찮다
해보,0.980693698,귀찮다
g5용,0.980590463,귀찮다
있다,0.980360687,귀찮다
아끼,0.980247915,귀찮다
보조배터리,0.979964793,귀찮다
하드,0.979685366,귀찮다
정상,0.97957319,귀찮다
결합,0.979546309,귀찮다
플립,0.979485989,귀찮다
슈피겐,0.979073942,귀찮다
안들,0.979036391,귀찮다
보호,0.979032457,귀찮다
명함,0.978817344,귀찮다
탐나,0.997226238,무겁다
쓸모,0.997158289,무겁다
ㅆㅅㅌㅊ,0.996916533,무겁다
신선,0.996534526,무겁다
못느끼,0.996504664,무겁다
아쉬움,0.996458173,무겁다
가죽,0.996379733,무겁다
사진기,0.996357262,무겁다
사이즈,0.996285021,무겁다
신박,0.996123731,무겁다
밧데리,0.996039391,무겁다
나아,0.996001661,무겁다
매력,0.995967448,무겁다
글쎄,0.99576509,무겁다
휴대성,0.995724618,무겁다
주머니,0.995446563,무겁다
인정,0.995337427,무겁다
중요,0.995311081,무겁다
잘모르,0.995221972,무겁다
같,0.995086789,무겁다
놀라,0.995065033,무겁다
경험,0.994903445,무겁다
재미,0.994796336,무겁다
편이,0.994621396,무겁다
충실,0.99457413,무겁다
엇보,0.994571149,무겁다
퀄리티,0.994518518,무겁다
유용,0.994479358,무겁다
완벽,0.994466722,무겁다
스타일,0.994459152,무겁다
없,0.998287678,어렵다
가도,0.998232067,어렵다
간만,0.998174906,어렵다
사드리,0.998174071,어렵다
매일,0.998018503,어렵다
금방,0.99790442,어렵다
매물,0.997689188,어렵다
바라보,0.997684062,어렵다
이왕,0.997540593,어렵다
한군데,0.997447312,어렵다
손해보,0.997304678,어렵다
슬쩍,0.997269511,어렵다
어떨까,0.997153819,어렵다
정신건강,0.997119665,어렵다
이번주말,0.997110724,어렵다
저가,0.997095466,어렵다
조만,0.996976912,어렵다
g5출시,0.996911883,어렵다
어른,0.996903658,어렵다
잘몰,0.996832371,어렵다
가고,0.99682951,어렵다
사는거,0.996807337,어렵다
산거,0.996804953,어렵다
제,0.996760666,어렵다
폰팔,0.996652126,어렵다
가면,0.996642351,어렵다
세컨폰,0.996623456,어렵다
오랫만,0.996623397,어렵다
그간,0.996615171,어렵다
노트4s,0.996606469,어렵다
멈추,0.992776215,느리다
켜지,0.991321921,느리다
웹서핑,0.98946476,느리다
조절,0.989297569,느리다
실행,0.988967359,느리다
꺼진상태,0.986607552,느리다
잠금,0.985716105,느리다
단추,0.985390067,느리다
가끔,0.985327005,느리다
주로,0.98485738,느리다
인식,0.984728992,느리다
잔렉,0.984145939,느리다
환경,0.983831167,느리다
따르,0.983657658,느리다
돌리,0.983626723,느리다
일반적,0.983453929,느리다
불편함,0.983351469,느리다
강제,0.982828975,느리다
소모,0.98256743,느리다
2a,0.982202709,느리다
점이,0.98207593,느리다
키보드,0.982056975,느리다
시계,0.982045412,느리다
퀵차,0.981458902,느리다
작동,0.981402636,느리다
브라우저,0.981259823,느리다
시선,0.980979025,느리다
소프트웨어,0.980974793,느리다
명불허전,0.980956793,느리다
구동,0.980917215,느리다
지5,0.989629745,끌리다
너무크,0.986520886,끌리다
나올,0.986288249,끌리다
제일,0.985335112,끌리다
s7플랫,0.982610404,끌리다
마음,0.980460644,끌리다
사야,0.97641021,끌리다
g5냐,0.976341307,끌리다
가성비,0.973159671,끌리다
보고,0.972281456,끌리다
별로,0.972211897,끌리다
갤6,0.972203374,끌리다
굳히,0.971543789,끌리다
새로나온,0.969952226,끌리다
갤,0.968363762,끌리다
다음,0.967230797,끌리다
마라,0.966118276,끌리다
나르,0.965215087,끌리다
노트5중,0.965098798,끌리다
열광,0.964921355,끌리다
이랑,0.964689851,끌리다
뭐가,0.964655161,끌리다
실물,0.964614093,끌리다
g5중,0.963919997,끌리다
갤7엣지,0.963291883,끌리다
갈아타,0.963207364,끌리다
어느정도,0.963206649,끌리다
슈피,0.963188291,끌리다
,0.963052809,끌리다
고르,0.961598158,끌리다
조루,0.996443391,오래가다
효율,0.996339679,오래가다
탈착식,0.996129215,오래가다
편이,0.991645515,오래가다
타임,0.990214169,오래가다
효율성,0.990173221,오래가다
탈착형,0.989873886,오래가다
교체형,0.989699841,오래가다
오래,0.989533663,오래가다
불만,0.989207685,오래가다
충분,0.989207685,오래가다
체감,0.988880754,오래가다
완전,0.98724848,오래가다
밧데리,0.986938059,오래가다
한데,0.986653566,오래가다
신기,0.985819936,오래가다
적응,0.98477459,오래가다
혐,0.984701872,오래가다
분리형,0.98418808,오래가다
품질,0.984076619,오래가다
ㅆㅅㅌㅊ,0.982650995,오래가다
무겁다,0.982442081,오래가다
터치감,0.982089639,오래가다
사이즈,0.981799483,오래가다
내꺼,0.98172915,오래가다
중요,0.981356919,오래가다
의외,0.98119235,오래가다
놀라,0.980945349,오래가다
잘모르,0.980790615,오래가다
굉장,0.98051405,오래가다
빠릿,0.997554481,뜨겁다
없어지,0.997532487,뜨겁다
정상인,0.996637762,뜨겁다
부족,0.996621728,뜨겁다
여전,0.996510684,뜨겁다
조금,0.996450961,뜨겁다
장난,0.996123672,뜨겁다
지장,0.996043563,뜨겁다
저만,0.995880127,뜨겁다
특이,0.995636463,뜨겁다
대체,0.995305181,뜨겁다
이녀,0.994994164,뜨겁다
분할,0.994857848,뜨겁다
편한,0.994769752,뜨겁다
몰이,0.994698882,뜨겁다
깨끗,0.994666815,뜨겁다
적다,0.994610608,뜨겁다
난다,0.994534969,뜨겁다
스타일,0.994365096,뜨겁다
아쉬움,0.994288266,뜨겁다
보여,0.99423933,뜨겁다
간격,0.994220614,뜨겁다
지4,0.994071066,뜨겁다
깨짐,0.994065464,뜨겁다
쓸모,0.994032204,뜨겁다
이너베젤,0.994030595,뜨겁다
밧데리,0.993981421,뜨겁다
별거,0.993916094,뜨겁다
상하,0.993887782,뜨겁다
익숙,0.993871093,뜨겁다
사려,0.982014656,비싸다
사고,0.971145809,비싸다
노트5중,0.971003294,비싸다
가격,0.968168616,비싸다
어떤가,0.967122436,비싸다
요즘,0.965879083,비싸다
사야,0.965237498,비싸다
싸게,0.965087235,비싸다
어떤,0.963627994,비싸다
지르,0.961624801,비싸다
갤7엣지,0.961205363,비싸다
기다리,0.956346154,비싸다
갤럭키,0.955204606,비싸다
지오,0.954885602,비싸다
중고,0.9534688,비싸다
사면,0.953418434,비싸다
저렴,0.953338325,비싸다
고민,0.953260183,비싸다
뭐가,0.952605665,비싸다
기다,0.952039659,비싸다
떨어지길,0.950843215,비싸다
나을,0.950184047,비싸다
g5냐,0.949024916,비싸다
g5나,0.946216226,비싸다
친구,0.944288373,비싸다
고민하다,0.941755772,비싸다
어느정도,0.941385865,비싸다
결정,0.938307166,비싸다
어떤걸,0.937557101,비싸다
아탈,0.93683821,비싸다
취향,0.993531823,예쁘다
권하,0.993384957,예쁘다
신기,0.990735888,예쁘다
첫인상,0.989662766,예쁘다
완성도,0.988513529,예쁘다
의외,0.988280177,예쁘다
정말,0.988196135,예쁘다
본론,0.988013685,예쁘다
느낀점,0.987720728,예쁘다
유출,0.987308025,예쁘다
색이,0.987188637,예쁘다
꺼리,0.98674053,예쁘다
뽐질,0.98663646,예쁘다
투톤,0.986529946,예쁘다
극혐,0.985973954,예쁘다
완전,0.98537147,예쁘다
패스,0.985170484,예쁘다
나아,0.98512423,예쁘다
잘빠지,0.98482424,예쁘다
냐,0.984530032,예쁘다
놀라,0.984230399,예쁘다
무난하다,0.984182358,예쁘다
같다,0.984171152,예쁘다
사이즈,0.984146476,예쁘다
잘모르,0.984020114,예쁘다
겔럭시,0.983986497,예쁘다
과하,0.983896554,예쁘다
왜곡현상,0.983553767,예쁘다
병신,0.983446896,예쁘다
매력적,0.98317039,예쁘다
양호,0.998751402,신경쓰다
뒷판,0.998532057,신경쓰다
외관,0.997306764,신경쓰다
심한,0.997247994,신경쓰다
약간,0.997231007,신경쓰다
스크래치,0.995674372,신경쓰다
기스,0.994929314,신경쓰다
생길,0.994553268,신경쓰다
먼지,0.993818521,신경쓰다
확연,0.993749738,신경쓰다
qc,0.99366653,신경쓰다
도색,0.99351275,신경쓰다
미세,0.993053257,신경쓰다
뽑기,0.992661774,신경쓰다
안보,0.9921422,신경쓰다
하단부,0.991584897,신경쓰다
신경,0.991016865,신경쓰다
마감도,0.990815282,신경쓰다
내구성,0.990708113,신경쓰다
교품했는데,0.990576029,신경쓰다
나사,0.990572572,신경쓰다
테두리,0.990362883,신경쓰다
들림,0.990255058,신경쓰다
생긴,0.990134478,신경쓰다
좌측,0.989823818,신경쓰다
거슬리다,0.989688993,신경쓰다
우측,0.989436626,신경쓰다
곡선,0.989432037,신경쓰다
사진상,0.989224315,신경쓰다
삐뚤,0.988868117,신경쓰다
혁신,0.991557479,새롭다
혁신적,0.990155339,새롭다
ㅅㅌㅊ,0.989171684,새롭다
임피던스,0.986056626,새롭다
매력적,0.98600781,새롭다
겔럭시,0.985318542,새롭다
분리형,0.985259414,새롭다
훌륭,0.985122383,새롭다
완성도,0.985077202,새롭다
번들이어폰,0.984898329,새롭다
음악들을때,0.984759569,새롭다
병신,0.984717727,새롭다
방진,0.984538317,새롭다
ㅆㅅㅌㅊ,0.983958304,새롭다
사용자,0.983703732,새롭다
강조,0.983662784,새롭다
달면,0.983415663,새롭다
신박,0.983109117,새롭다
갤7대비,0.98301971,새롭다
음감,0.982851446,새롭다
탈착형,0.982820511,새롭다
충실,0.982744217,새롭다
품질,0.982634366,새롭다
짚2,0.982564628,새롭다
dslr,0.982512355,새롭다
감동,0.982332468,새롭다
신선,0.982210279,새롭다
놀라,0.981699586,새롭다
못느꼈습니,0.981459975,새롭다
무겁다,0.981389642,새롭다
지인,0.996574581,늦다
눈팅,0.996071339,늦다
무릎,0.995498002,늦다
베스트샵,0.995414913,늦다
기다리다,0.99482584,늦다
ㅍㄹㅇ님,0.9946208,늦다
잠실,0.994336724,늦다
후련,0.994281888,늦다
ㅍㄱㄴ,0.994197488,늦다
유플기변,0.994174898,늦다
탑승,0.994162202,늦다
가보,0.994148374,늦다
g5구,0.994120955,늦다
부산,0.994066894,늦다
돌아다니,0.993973732,늦다
개통자,0.993858874,늦다
탈출,0.993843794,늦다
유쁠,0.99359411,늦다
오전,0.99334693,늦다
만나,0.993341208,늦다
ㅅㄷㄹ가,0.993336439,늦다
호객,0.99321574,늦다
놓치,0.993199587,늦다
마침,0.993141174,늦다
목요일,0.993134558,늦다
구하,0.993102312,늦다
토요일,0.993074,늦다
에이,0.992901444,늦다
만한,0.99289012,늦다
군인,0.992854536,늦다
엄청,0.961517692,이쁘다
개인적,0.959045529,이쁘다
디자인,0.95564574,이쁘다
별로,0.951311648,이쁘다
역시,0.949328244,이쁘다
진짜,0.947607398,이쁘다
잘나,0.946425796,이쁘다
기대,0.942226171,이쁘다
뭔가,0.941446722,이쁘다
실물,0.940431595,이쁘다
확실,0.939172387,이쁘다
방수,0.939025998,이쁘다
개취,0.933061242,이쁘다
솔직,0.93175745,이쁘다
깔끔,0.931357443,이쁘다
만지,0.930745125,이쁘다
잘빠지,0.930461407,이쁘다
그립감,0.92964673,이쁘다
아쉽다,0.928282857,이쁘다
망하다,0.923851132,이쁘다
야간,0.920321643,이쁘다
전체적,0.920114398,이쁘다
색감,0.917406142,이쁘다
사실,0.916378438,이쁘다
마음,0.912446141,이쁘다
쩔구,0.911670923,이쁘다
왜곡,0.910352468,이쁘다
예쁘다,0.909944654,이쁘다
저조,0.909173191,이쁘다
취향,0.907577991,이쁘다
사실,0.989683628,싫다
솔직,0.977665067,싫다
떨어지,0.977486372,싫다
노트3,0.975318432,싫다
꺼리,0.973906636,싫다
제일,0.973555624,싫다
잘빠지,0.972566187,싫다
나르,0.972282231,싫다
극혐,0.970427752,싫다
짱개폰,0.96910733,싫다
이유,0.968868077,싫다
쓰기,0.968150377,싫다
첫인상,0.967680156,싫다
완전,0.966691196,싫다
마음,0.96611619,싫다
화면도,0.965709329,싫다
지프로2,0.965565145,싫다
동급,0.965102136,싫다
다음,0.965046883,싫다
지투,0.965028763,싫다
플래그쉽,0.965009212,싫다
역시,0.964927912,싫다
많이하,0.964355707,싫다
유저,0.964257002,싫다
잘나,0.963532507,싫다
무난하다,0.96353209,싫다
취향,0.963492513,싫다
옵지,0.963135958,싫다
드라마틱,0.963055789,싫다
s7플랫,0.963000596,싫다
상당,0.987868488,아쉽다
그립감,0.98675096,아쉽다
뭔가,0.979852319,아쉽다
엄청,0.978061914,아쉽다
확실,0.976142287,아쉽다
장점,0.975046992,아쉽다
만족,0.974571109,아쉽다
전체적,0.97382766,아쉽다
편하다,0.972738266,아쉽다
매우,0.97253865,아쉽다
교체형,0.971605122,아쉽다
느끼,0.971270144,아쉽다
역시,0.970444441,아쉽다
개인적,0.966825783,아쉽다
수준,0.965903044,아쉽다
듀얼,0.965641379,아쉽다
깔끔,0.964497566,아쉽다
개선,0.964060247,아쉽다
차이,0.963265896,아쉽다
탈착식,0.961660564,아쉽다
개취,0.961625397,아쉽다
음감,0.961428463,아쉽다
일체형,0.961315751,아쉽다
굉장,0.960358381,아쉽다
가볍다,0.960300148,아쉽다
크기,0.960260808,아쉽다
사실,0.960036218,아쉽다
품질,0.959776163,아쉽다
단점,0.957553029,아쉽다
효율성,0.95750612,아쉽다
전체적,0.992374301,가볍다
수준,0.991348147,가볍다
향상,0.991207004,가볍다
선명,0.991045654,가볍다
터치감,0.99080807,가볍다
인식률,0.990161777,가볍다
개선,0.990060806,가볍다
노크,0.989141643,가볍다
최적화,0.988718927,가볍다
개취,0.987739742,가볍다
qhd,0.987056792,가볍다
무게,0.98694241,가볍다
불만,0.986792922,가볍다
느껴지,0.986614108,가볍다
뭔가,0.986388505,가볍다
부드럽다,0.98610425,가볍다
호불호,0.984886408,가볍다
매우,0.98487854,가볍다
편하다,0.98470515,가볍다
충분,0.984408557,가볍다
선명도,0.984128714,가볍다
스냅,0.983779669,가볍다
크기,0.983695865,가볍다
ips,0.983694375,가볍다
찍기,0.983632386,가볍다
깔끔,0.983496308,가볍다
뚱뚱하,0.983247697,가볍다
색감,0.983143926,가볍다
세컨드,0.982634962,가볍다
쩔구,0.982591391,가볍다
ㅎㅇ,0.987760425,욕하다
ㅅㄷㄹ,0.984702706,욕하다
ㅋㅌㅂㅇ,0.983910024,욕하다
현아,0.983609676,욕하다
ㅅㅋㅂㅇ,0.982949436,욕하다
599,0.982708633,욕하다
ㅅㅋㄱㅂ,0.982241273,욕하다
59,0.981604338,욕하다
ㄱㅂ,0.981105566,욕하다
스크,0.979104221,욕하다
ㅍㅇㅂ,0.975919187,욕하다
알아보,0.975563288,욕하다
ㄹㄱㅂㅇ,0.97553128,욕하다
ㅂㅇ,0.974876344,욕하다
번이,0.974202096,욕하다
정책,0.973626912,욕하다
ㅋㅌㄱㅂ,0.972667933,욕하다
ㅅㅋ,0.968180299,욕하다
동네,0.966823697,욕하다
ㄹㄱㄱㅂ,0.964020014,욕하다
기변,0.962683797,욕하다
ㄱㅂㅌㅋㄴ,0.962431133,욕하다
무부,0.961806834,욕하다
신도림,0.960510731,욕하다
499요금제,0.959721923,욕하다
조건,0.959440708,욕하다
ㅅㄴㅂ,0.95943439,욕하다
현완,0.957494795,욕하다
부2,0.957460225,욕하다
ㄹㄱ,0.956719935,욕하다
체크,0.997541845,잘못하다
외관상,0.996509254,잘못하다
분도,0.996444345,잘못하다
교품해,0.996121943,잘못하다
정상,0.995954514,잘못하다
교품하,0.995422721,잘못하다
사유,0.995399833,잘못하다
검수,0.995215118,잘못하다
사소,0.995180786,잘못하다
하도,0.995083928,잘못하다
있는거,0.994965076,잘못하다
피해,0.994910002,잘못하다
다녀오,0.994877636,잘못하다
교품사,0.994858563,잘못하다
무상수리,0.994825602,잘못하다
일정,0.994737864,잘못하다
판정,0.99468112,잘못하다
한번씩,0.994411528,잘못하다
깜빡,0.994340539,잘못하다
먹통,0.994270504,잘못하다
ok,0.994217217,잘못하다
정밀,0.994193375,잘못하다
제조품,0.993970156,잘못하다
번의,0.99394989,잘못하다
거짓말,0.993938446,잘못하다
교품받아,0.99392128,잘못하다
많다,0.99390918,잘못하다
하면,0.993900657,잘못하다
비가,0.993884683,잘못하다
기포,0.993849754,잘못하다
기대,0.963622808,망하다
솔직,0.960145116,망하다
이번,0.9531039,망하다
별로,0.950705588,망하다
잘빠지,0.950152993,망하다
잘나,0.946908534,망하다
역시,0.945436358,망하다
이유,0.945027113,망하다
사실,0.943791747,망하다
싫다,0.943582714,망하다
개인적,0.940686524,망하다
나올,0.940584242,망하다
진짜,0.940279305,망하다
실물,0.939767361,망하다
엄청,0.939574718,망하다
마음,0.93489331,망하다
끌리다,0.934002936,망하다
제일,0.927819014,망하다
꺼리,0.927514255,망하다
다음,0.926028371,망하다
첫인상,0.924604297,망하다
떨어지,0.924141645,망하다
이쁘다,0.923851132,망하다
나르,0.9236691,망하다
s7플랫,0.923561335,망하다
너무크,0.923531651,망하다
예쁘다,0.92351979,망하다
전작,0.923515022,망하다
취향,0.922557354,망하다
압승,0.922316074,망하다
막상,0.996421099,무난하다
낌,0.995705009,무난하다
사세,0.995314121,무난하다
나온거,0.995221734,무난하다
지투,0.994870365,무난하다
같긴한데,0.994858384,무난하다
똑같,0.994672775,무난하다
안나,0.994667649,무난하다
질리,0.994619787,무난하다
난,0.994606614,무난하다
차이나,0.994445801,무난하다
방수기능,0.994439125,무난하다
별차이,0.994410634,무난하다
음,0.994232357,무난하다
사람들,0.994032383,무난하다
만,0.993963003,무난하다
쓰기,0.993879676,무난하다
왠만하,0.993849277,무난하다
기울,0.993697822,무난하다
노무,0.993593156,무난하다
만족도,0.993538201,무난하다
진리,0.993511379,무난하다
꿀리,0.993501306,무난하다
지,0.993497252,무난하다
밟히,0.99334389,무난하다
행복,0.993154645,무난하다
냐,0.993128598,무난하다
보다,0.99309051,무난하다
지금까지,0.993036687,무난하다
고르,0.992942154,무난하다
있,0.987074554,고장
그러,0.987013161,고장
자주,0.985519707,고장
하면,0.985214651,고장
지장,0.984432578,고장
그걸,0.984027386,고장
되지,0.983747244,고장
아무,0.983746588,고장
완충,0.983685136,고장
무상수리,0.983562231,고장
정상인,0.983479142,고장
해보,0.983424306,고장
공초,0.983320475,고장
갈고,0.983112693,고장
이걸,0.98266995,고장
있긴한데,0.982645154,고장
못하,0.982510924,고장
보드,0.982262611,고장
무상,0.982220054,고장
보지,0.981958568,고장
재부,0.981836975,고장
끊기,0.981534481,고장
커스텀,0.981382132,고장
어떡,0.981235385,고장
한번씩,0.981052756,고장
얘기,0.98091042,고장
정상,0.980864167,고장
쓸,0.980802357,고장
같네,0.980602384,고장
광탈,0.980499864,고장
거치,0.99865675,짜증
도대,0.998372972,짜증
무시,0.998359442,짜증
마찬가지,0.998005092,짜증
잘쓰,0.997961581,짜증
안가,0.997815728,짜증
피하,0.99770093,짜증
제로,0.997686625,짜증
교품받아,0.997575045,짜증
기능상,0.997569978,짜증
소문,0.997567654,짜증
유리,0.997466981,짜증
멀리,0.997458637,짜증
넘기,0.997178793,짜증
조금씩,0.997172713,짜증
웬만,0.997162163,짜증
쓸,0.997136116,짜증
있을거,0.997107625,짜증
뭔지,0.997100949,짜증
오류,0.99709332,짜증
녀석,0.997077763,짜증
고자,0.997024834,짜증
스트레스,0.997005165,짜증
생각나,0.996963859,짜증
마무리,0.996954024,짜증
고생,0.996840835,짜증
연속,0.996826053,짜증
나간,0.996815562,짜증
의도,0.996811032,짜증
불만족,0.996764421,짜증
